,FEAT,P_VALUE,LR_WEIGHT
0,000,0.7038093862541629,0.0
1,10,0.8185914416395405,0.020972748426306188
2,100,0.3935385750612622,0.0
3,107,0.3170341278234947,0.0
4,11,0.15682506967583512,0.0
5,12,0.15682506967583512,0.0
6,15,,0.0
7,20,0.9202930204254616,0.0
8,200,0.3170341278234947,0.0
9,2000,0.31682019231179537,0.0
10,2001,0.7038093862541629,0.0
11,2006,0.3170341278234947,0.0
12,2008,0.31682019231179537,0.0
13,2010,0.15682506967583512,0.0
14,2014,0.3170341278234947,0.0
15,2017,0.6669877461728086,0.0
16,2020,0.1367771871905651,-0.6167399396871305
17,21st,0.6202094734777629,0.0
18,25,0.7038093862541629,0.0
19,2nd,0.15682506967583512,0.0
20,30,0.9202930204254616,0.0
21,35mm,0.31682019231179526,0.0
22,3rd,0.31682019231179537,0.0
23,4k,0.3170341278234947,0.0
24,50,0.08273650338894599,0.0
25,6000,0.15645805855022898,0.0
26,70,0.08232820755666558,-0.006511647510786158
27,70mm,0.045007762438002384,0.04972080178815851
28,75,0.15682506967583512,0.0
29,90,0.3170341278234947,0.0
30,abil,0.3170341278234947,0.0
31,abl,0.29797004076451883,0.0
32,abracadabra,0.15682506967583512,0.0
33,absolut,0.001579784724994854,1.2493543408560646
34,abstract,0.31682019231179526,0.0
35,academi,0.15682506967583512,0.0
36,accent,0.5094496519566847,-0.1152078716331055
37,accomplish,0.8574074759811043,0.0
38,account,0.15682506967583512,0.0
39,accur,0.3170341278234946,0.0
40,achiev,0.0997470511777041,0.672617093902302
41,act,0.15045756206797242,-0.43319769551490434
42,action,0.4175080210862483,0.0
43,activ,0.31682019231179537,0.0
44,actor,0.250589165506109,-0.16707778039984514
45,actual,0.09694089323016492,-0.22160013592880887
46,ad,,0.0
47,adapt,0.7038093862541629,0.0
48,add,0.08273650338894592,0.0
49,admir,0.590474323934508,0.0
50,admit,,0.0
51,ador,0.9202930204254616,0.0
52,aesthet,0.15682506967583512,0.0
53,affleck,0.045007762438002384,0.6413929774644186
54,afraid,0.15682506967583512,0.0
55,age,0.5094496519566849,0.0
56,ago,0.8574074759811043,0.0
57,agre,0.15645805855022898,-1.4840475585279105
58,ahead,0.08273650338894592,0.0
59,air,0.3170341278234947,0.0
60,aka,0.31682019231179537,0.0
61,alaska,0.9202930204254616,0.0
62,aliv,0.31682019231179537,0.0
63,allow,0.8873456803537688,0.0
64,alright,,0.0
65,amateur,0.15645805855022898,0.0
66,amaz,0.3866928201847667,0.0
67,ambigu,0.3170341278234947,0.0
68,ambiti,0.7990387433077217,0.0
69,american,0.34468029117314725,0.0
70,analysi,0.3170341278234947,0.0
71,angier,0.3170341278234947,0.0
72,anniversari,0.15682506967583512,0.0
73,annoy,0.10129082505075282,0.0
74,answer,0.15682506967583512,0.0
75,anxieti,0.7038093862541629,0.0
76,anybodi,0.7038093862541629,0.0
77,anymor,0.34468029117314725,-0.5067476883562688
78,anytim,0.31682019231179537,0.0
79,anyway,0.15682506967583512,0.0
80,apart,0.7038093862541629,0.0
81,appar,0.31682019231179537,0.0
82,appear,0.3170341278234947,0.0
83,appreci,0.34198350122013443,0.0
84,approach,0.7038093862541629,0.0
85,architectur,0.7038093862541629,0.0
86,area,,0.0
87,arguabl,0.31682019231179526,0.0
88,asid,,0.0
89,ask,0.15682506967583512,0.0
90,asleep,0.9202930204254616,0.0
91,aspect,0.09694089323016492,-2.08044061498918
92,aspir,0.31682019231179537,0.0
93,ass,0.26838458960345857,0.2013531740984668
94,astonish,,0.0
95,astound,,0.0
96,astronaut,0.3170341278234948,0.0
97,atmospher,0.4039962875066595,0.0
98,attack,0.15682506967583512,0.0
99,attempt,0.3248826474940537,0.0
100,attent,0.8873456803537688,0.0
101,audaci,,0.0
102,audienc,0.29797004076451883,0.0
103,averag,0.5904743239345079,0.0
104,avoid,0.7038093862541629,0.0
105,aw,0.34468029117314736,0.0
106,award,0.9112091544967161,0.0
107,away,0.6800718714745975,0.0
108,awe,0.08273650338894592,0.0
109,awesom,0.3170341278234947,0.0
110,babi,0.2245617441145733,-0.40094988306816226
111,back,0.15682506967583512,0.0
112,backstori,0.7038093862541629,0.0
113,backward,0.8873456803537688,0.0
114,bad,0.3028486161904317,0.0
115,bag,0.9202930204254616,0.0
116,balanc,,0.0
117,bale,0.4186768737263997,0.0
118,ball,0.31682019231179537,0.0
119,bar,0.3170341278234947,0.0
120,bare,0.590474323934508,0.0
121,base,0.6202094734777629,0.0
122,basic,0.41537223086353126,0.0
123,bat,0.9202930204254616,0.0
124,batman,0.9462774597823096,0.0
125,battl,,0.0
126,bawl,0.15682506967583512,0.0
127,bc,0.7038093862541629,0.0
128,be,0.7038093862541629,0.0
129,beach,0.3170341278234947,0.0
130,bean,,0.0
131,beat,0.7038093862541629,0.0
132,beauti,0.3894231162017405,0.0
133,bed,0.15682506967583512,0.0
134,begin,0.3248826474940537,-0.05438882106977905
135,believ,0.8455460589527476,0.0
136,bend,0.9202930204254616,0.0
137,bet,0.15682506967583512,0.0
138,big,0.9471061901044613,0.0
139,bigger,0.4828214274891941,0.10976439016927805
140,biggest,0.7180108001145997,0.0
141,birthday,0.15682506967583512,0.0
142,bit,0.038308924528913234,-0.32443177581043026
143,bitch,0.23712025326224062,0.2043970572551391
144,black,0.1806270332658796,0.0
145,blew,,0.0
146,blink,0.15682506967583512,0.0
147,blockbust,0.007898314741714778,1.236588253327012
148,blond,0.34468029117314725,0.0
149,blood,0.3170341278234947,0.0
150,blow,0.2571799313801454,0.0
151,blown,0.3170341278234947,0.0
152,blu,0.045007762438002384,0.0
153,blue,0.6851284436521816,0.0
154,board,0.7038093862541629,0.0
155,boat,,0.0
156,bodi,0.7038093862541629,0.0
157,boggl,,0.0
158,bold,0.08273650338894592,0.0
159,bond,0.1789187126503342,-0.618476264069411
160,bonker,0.3170341278234947,0.0
161,book,0.024930566724223842,0.9408556876472405
162,borden,0.3170341278234947,0.0
163,bore,2.8243297965282973e-06,-3.4037115793836756
164,born,0.31682019231179537,0.0
165,bother,0.34468029117314725,0.0
166,bowi,0.3248826474940536,0.0
167,box,0.3170341278234947,0.0
168,boxd,0.7038093862541629,0.0
169,boy,0.1789187126503342,0.0
170,branagh,0.1806270332658796,-0.39585846089787335
171,brave,0.3170341278234947,0.0
172,bravo,0.590474323934508,0.0
173,break,0.08273650338894592,0.0
174,breath,0.31682019231179537,0.0
175,breathtak,0.16110322775949382,0.0
176,brief,0.3170341278234947,0.0
177,brillianc,0.3170341278234947,0.0
178,brilliant,0.053967479786239565,0.7059653280776766
179,bring,0.6202094734777629,0.0
180,brisk,,0.0
181,british,0.17987840471705852,0.0
182,bro,0.29797004076451883,-0.0002853631433252722
183,brood,0.15645805855022898,0.0
184,bros,0.045007762438002384,0.0
185,brother,0.08273650338894592,0.0
186,bruh,0.5904743239345079,0.0
187,budget,0.015229313398517507,-0.1847700916451408
188,build,0.7180108001145997,0.0
189,bullshit,0.34468029117314725,0.0
190,bump,0.15682506967583512,0.0
191,bunch,0.7038093862541629,0.0
192,burn,0.3170341278234947,0.0
193,busi,0.15682506967583512,0.0
194,bye,0.08273650338894592,0.009917940503831846
195,cain,0.024930566724223842,0.0
196,call,0.4039962875066595,0.0
197,came,0.512860839061718,0.0
198,camera,0.5911947170809071,0.0
199,canon,,0.0
200,capabl,0.15682506967583512,0.0
201,captiv,0.7038093862541629,0.0
202,captur,0.3170341278234947,0.0
203,car,0.0827365033889458,0.0
204,card,,0.0
205,care,0.3248826474940536,0.0
206,career,0.13960249499309554,0.0
207,carri,0.3170341278234947,0.0
208,case,0.7180108001145997,0.0
209,cast,0.6252452387336587,0.0
210,cat,0.17926507287901128,0.0
211,catch,0.34468029117314736,0.0
212,caught,0.15682506967583512,0.0
213,caus,0.08273650338894592,0.0
214,central,0.09694089323016492,0.0
215,centuri,0.2571799313801453,0.046091270500059636
216,certain,0.9784534162610183,0.5849187737315449
217,chalamet,0.3170341278234947,0.0
218,challeng,0.045007762438002384,0.0
219,chang,0.8621112483260797,0.0
220,changer,0.15682506967583512,0.0
221,chao,0.31682019231179537,0.0
222,charact,0.026008427685998634,-0.13721814745434066
223,charg,0.9202930204254616,0.0
224,charm,0.7038093862541629,0.0
225,chase,0.31682019231179537,0.0
226,chastain,0.045007762438002426,0.0
227,check,0.17987840471705852,0.0
228,chest,,0.0
229,chill,0.02493056672422381,0.11022519483843263
230,choic,0.6163005998218432,0.0
231,choke,0.3170341278234947,0.0
232,choos,0.3170341278234947,0.0
233,chose,,0.0
234,christ,0.045007762438002384,0.0909235192438023
235,chronolog,0.4039962875066595,0.0
236,cillian,0.00493116771148863,1.1454374780660528
237,cinema,0.5372973308905091,-0.3960189529949819
238,cinemat,0.693332788232074,0.0
239,cinematographi,0.8465147431186008,0.0
240,citi,0.15682506967583512,0.0
241,class,0.6202094734777629,0.0
242,classic,0.15682506967583512,0.0
243,clean,,0.0
244,clear,0.6202094734777629,0.0
245,clever,0.9327081055797212,0.0
246,click,0.3170341278234947,0.0
247,climax,0.15682506967583493,0.0
248,clock,0.7038093862541629,0.0
249,close,0.589272597773443,0.028707830660313207
250,club,0.045007762438002384,0.0
251,clue,0.3170341278234946,0.0
252,clunki,0.34468029117314736,0.0
253,cobb,0.8089257555765785,-0.04169416413874288
254,coffe,0.15682506967583512,0.0
255,cold,0.8873456803537688,0.0
256,collect,0.7038093862541629,0.0
257,color,0.17987840471705852,0.0
258,com,0.15117575531861618,-0.4510972596217974
259,combin,0.3170341278234947,0.0
260,come,0.4175080210862483,0.0
261,comfort,0.15682506967583512,0.0
262,comic,0.045007762438002384,0.0
263,comment,0.3248826474940536,-0.16934668214606602
264,commentari,0.6202094734777629,0.0
265,commerci,0.15682506967583512,0.0
266,como,0.15682506967583512,0.0
267,compar,0.31018603121695365,0.0
268,compel,0.6940202364432014,0.0
269,compet,0.590474323934508,0.0
270,complain,,0.0
271,complaint,0.15682506967583512,0.0
272,complet,0.857821744044036,0.0
273,complex,0.2571799313801453,0.0
274,complic,0.9202930204254616,0.0
275,compliment,0.15682506967583512,0.0
276,compos,0.7038093862541629,0.0
277,composit,0.31682019231179526,0.0
278,comprehend,,0.0
279,concept,0.05817277990140878,-0.6597427782043153
280,concern,,0.0
281,conclus,0.31682019231179537,0.0
282,condit,0.15682506967583512,0.0
283,confid,0.15682506967583512,0.0
284,confirm,0.15645805855022898,0.0
285,confus,0.324529864378741,-0.23307514731774656
286,connect,,0.0
287,conscious,0.3170341278234947,0.0
288,consid,0.0571702456513103,-0.40975107469043337
289,constant,0.6202094734777629,0.0
290,construct,0.34468029117314736,0.0
291,contain,0.045007762438002384,1.0665175115337229
292,content,0.7038093862541629,0.0
293,context,0.08273650338894592,0.0
294,continu,0.8574074759811043,0.0
295,contrast,0.34468029117314736,-0.5592735935840402
296,control,0.9202930204254616,0.0
297,convent,,0.0
298,convers,0.9202930204254616,0.0
299,convinc,0.5904743239345079,0.0
300,convolut,0.34468029117314725,0.0
301,cool,0.43766291319239703,0.0
302,cooper,,0.0
303,cop,0.7180108001145997,0.0
304,copi,0.31682019231179526,0.0
305,corrupt,0.3170341278234947,0.0
306,cost,0.08232820755666558,-0.8453530551823265
307,couldn,0.27100681937822324,0.0
308,count,0.3170341278234946,0.0
309,coupl,0.9202930204254616,0.0
310,cours,0.8873456803537688,0.0
311,cover,0.34468029117314736,0.0
312,coward,0.15682506967583512,0.0
313,cowboy,0.15682506967583512,0.0
314,craft,0.23712025326224062,0.0
315,crap,0.15645805855022898,0.0
316,crawl,,0.0
317,crazi,0.6202094734777629,0.0
318,creat,0.084947495192597,1.3675143256503124
319,creativ,0.08273650338894592,0.0
320,credit,0.1537928927585479,-0.4916462590072037
321,creepi,0.3170341278234947,0.0
322,crew,0.7038093862541629,0.0
323,cri,0.045007762438002384,0.0
324,crime,0.3495262694910535,0.0
325,crimin,,0.0
326,criterion,0.6292011268673844,0.0
327,critic,0.7038093862541629,0.0
328,cross,0.3170341278234946,0.0
329,crosscut,0.7038093862541629,0.0
330,crowd,0.31682019231179526,0.0
331,crush,,0.0
332,cure,0.34468029117314725,0.0
333,curious,0.31682019231179526,0.0
334,current,0.4890831021865536,0.0
335,cut,0.4828214274891941,0.3309176997106901
336,dad,0.024930566724223842,0.18647104716376106
337,damn,0.03040707418864144,1.1361082432224126
338,dare,0.3170341278234947,0.0
339,dark,0.10821327500636814,0.11401469395193767
340,darl,0.08273650338894592,0.0
341,daughter,,0.0
342,day,0.4728989423207496,0.0
343,daylight,0.3170341278234947,0.0
344,dc,,0.0
345,dead,0.7038093862541629,0.0
346,deal,0.9202930204254616,0.0
347,death,0.31682019231179526,0.0
348,debicki,0.08232820755666558,-0.99801659863661
349,debut,0.029996526875511673,-0.2592515281865155
350,decad,0.15682506967583512,0.0
351,decent,0.29797004076451883,0.0
352,decept,0.15682506967583512,0.0
353,decid,0.15682506967583512,0.0
354,deep,0.08232820755666558,0.0
355,deeper,0.15645805855022898,0.0
356,deepli,0.3170341278234947,0.0
357,defin,0.08273650338894592,0.33030568856963716
358,definit,0.7665493131002774,0.0
359,delight,0.15682506967583512,0.0
360,deliv,0.6774847908584068,0.0
361,demand,0.7038093862541629,0.0
362,demonstr,0.15645805855022898,0.0
363,deni,0.3170341278234947,0.0
364,dent,0.34468029117314725,0.0
365,depart,0.34468029117314736,0.0
366,depriv,,0.0
367,depth,0.31682019231179537,0.0
368,deserv,0.16110322775949382,0.21284448050165677
369,design,0.2457731808932767,-0.4062538519856435
370,desper,0.15645805855022898,0.0
371,despit,0.34468029117314736,0.0
372,destroy,0.3170341278234947,0.0
373,detail,0.6851284436521816,0.0
374,detect,0.9202930204254616,0.0
375,develop,0.8574074759811043,0.0
376,diagram,0.34468029117314725,0.0
377,dialogu,0.00232183914461141,-0.914112742741921
378,dicaprio,0.9202930204254616,0.0
379,didn,0.19791763085523018,-0.314308083076396
380,die,0.8621112483260797,0.0
381,differ,0.6774847908584068,0.0
382,difficult,0.08232820755666558,0.0
383,dimens,,0.0
384,direct,0.9170288032018028,0.0
385,director,0.13582747678955998,-0.5750175919189383
386,directori,0.1732126881549758,0.0
387,disagre,0.3170341278234947,0.0
388,disappear,,0.0
389,disappoint,0.08232820755666558,-1.6916933855178764
390,discov,0.3170341278234947,0.0
391,discuss,0.15682506967583512,0.0
392,display,,0.0
393,distinct,0.590474323934508,0.0
394,distract,0.34468029117314736,0.0
395,disturb,0.15682506967583512,0.0
396,do,0.4828214274891942,0.0
397,documentari,0.31682019231179537,0.0
398,doesn,0.018097509513601676,-0.9267893997095329
399,dog,0.4039962875066595,0.0
400,dom,0.15682506967583512,0.0
401,door,0.1806270332658796,0.0
402,dori,0.15682506967583512,0.0
403,dormer,0.3170341278234947,0.0
404,doubt,0.9202930204254616,0.0
405,downright,0.34468029117314725,0.0
406,drama,0.03343753367473713,0.31058083698842553
407,dramat,0.7038093862541629,0.0
408,draw,0.7038093862541629,0.0
409,dread,,0.0
410,dream,0.024479701254810318,0.7600859356942712
411,dri,0.9323518678183337,0.0
412,drink,,0.0
413,drive,0.08232820755666558,0.0
414,driven,0.08273650338894592,0.0
415,drop,0.9202930204254616,0.0
416,drunk,0.3170341278234947,0.0
417,dude,0.17987840471705852,0.0
418,dull,0.08232820755666558,0.0
419,dumb,0.4457946763959606,0.0
420,dump,0.7038093862541629,0.0
421,dunkaccino,0.3170341278234947,0.0
422,dunkirk,0.23712025326224062,0.043602220308886885
423,eam,0.0827365033889458,0.0
424,ear,0.3170341278234947,0.0
425,earli,0.05721855663722448,-0.4842815146034525
426,earlier,0.15682506967583512,0.0
427,earth,,0.0
428,easi,0.4828214274891942,0.0
429,easili,0.8408771943470592,0.0
430,eat,0.34468029117314736,0.0
431,edg,0.15682506967583512,0.0
432,edit,0.9046635261534524,0.0
433,effect,0.8480552663861487,0.0
434,effort,0.0571702456513103,-0.29796938898942715
435,egg,0.9202930204254616,0.0
436,eht,0.31682019231179537,0.0
437,el,0.3170341278234947,0.0
438,electr,0.3170341278234947,0.0
439,element,0.08273650338894592,0.0
440,elev,0.31682019231179537,0.0
441,em,0.7038093862541629,0.0
442,embarrass,,0.0
443,emit,0.9202930204254616,0.0
444,emot,0.3294870876253593,0.0
445,en,0.31682019231179537,0.0
446,end,0.003162793890985471,1.1808537337872114
447,endless,0.15682506967583512,0.0
448,enemi,0.7038093862541629,0.0
449,engag,0.10129082505075282,-0.9192731102115739
450,english,0.5094496519566847,0.0
451,engross,0.34468029117314725,0.0
452,enjoy,0.06304569384122548,0.0
453,ensembl,0.3170341278234947,0.0
454,enter,,0.0
455,entertain,0.4457946763959604,0.0
456,enthral,0.15682506967583512,0.0
457,entir,0.20177877834166535,-0.43478348712879966
458,epic,0.6669877461728086,0.0
459,episod,0.15682506967583512,0.0
460,equal,0.31682019231179537,0.0
461,es,0.31682019231179537,0.0
462,escap,0.7038093862541629,0.0
463,especi,0.24577318089327682,0.0
464,essenti,0.6202094734777629,0.0
465,est,0.7038093862541629,0.0
466,event,0.2571799313801454,0.0
467,everybodi,0.08273650338894592,0.0
468,everytim,0.3170341278234947,0.0
469,exact,0.29797004076451883,0.0
470,exampl,0.15645805855022898,0.0
471,excel,0.004933540397034203,1.925824442847357
472,except,0.5904743239345079,0.0
473,excit,0.4828214274891942,0.0
474,execut,0.17987840471705852,0.0
475,exercis,0.9202930204254616,0.0
476,exhaust,0.590474323934508,0.0
477,exhilar,,0.0
478,exist,0.8873456803537688,0.0
479,existenti,0.3170341278234947,0.0
480,expect,0.11620014885345255,-0.13187804424849012
481,expens,0.7038093862541629,0.0
482,experi,0.883870934405267,0.0624754533461284
483,experienc,0.7038093862541629,0.0
484,expert,0.3170341278234947,0.0
485,explain,0.3935385750612622,-0.09506401086367955
486,explan,0.15682506967583512,0.0
487,explod,0.31682019231179526,0.0
488,explor,0.3170341278234947,0.0
489,exposit,0.5904743239345079,0.0
490,extra,0.34468029117314725,0.0
491,extraordinari,0.15682506967583512,0.0
492,extrem,0.3894231162017405,1.2811106547531859
493,eye,0.9807814054275626,0.0
494,face,0.9202930204254616,0.0
495,fact,0.03223877045799107,-0.8269856373102763
496,fade,0.7038093862541629,0.0
497,fail,0.34468029117314725,0.0
498,fair,0.31682019231179537,0.0
499,fall,0.29797004076451883,0.0
500,famili,0.9202930204254616,0.0
501,fan,0.7180108001145997,0.0
502,fantast,0.046919326617580207,1.530825676343628
503,fascin,0.17987840471705852,-0.5750898147097271
504,fast,,0.0
505,father,0.17926507287901128,0.0
506,fault,,0.0
507,favorit,0.21618769923230452,0.0
508,favourit,0.23593064950453257,0.10822920745965971
509,featur,0.00416979326383747,-0.40275365527471174
510,feel,0.21605337239625189,-0.3109296673891065
511,fell,0.15645805855022898,0.0
512,fella,0.7038093862541629,0.0
513,felt,0.00416979326383747,-1.8537939036611848
514,femal,0.09694089323016492,-0.34184020834704154
515,fi,0.29797004076451883,0.0
516,fiction,,0.0
517,fight,0.8574074759811043,0.0
518,figur,0.5904743239345079,0.0
519,fill,,0.0
520,film,0.6192354516014147,0.12817302695506372
521,filmbro,0.3170341278234947,0.0
522,filmmak,0.2398761119516073,-0.23226127558792115
523,filmographi,0.8621112483260797,0.0
524,filmspot,0.31682019231179537,0.0
525,final,0.05935201007638307,0.3336278158984106
526,fincher,0.3935385750612622,-0.11597368230879569
527,find,0.3170341278234947,0.0
528,fine,0.10043590930212194,-0.7318016004679155
529,finest,0.9202930204254616,0.0
530,finish,0.4039962875066595,0.0
531,fischer,,0.0
532,fit,0.15682506967583512,0.0
533,fix,0.9202930204254616,0.0
534,flash,0.7038093862541629,0.0
535,flat,0.15645805855022898,0.0
536,flaw,0.9327081055797212,0.0
537,flawless,0.08273650338894592,0.0
538,flick,0.7038093862541629,0.0
539,flip,0.08273650338894592,0.0
540,floor,0.3170341278234947,0.0
541,flow,0.15682506967583512,0.0
542,focus,0.8873456803537688,0.0
543,follow,0.09313128853928075,-0.6389189808469289
544,fool,0.15645805855022898,0.0
545,forc,0.5904743239345079,0.0
546,forev,,0.0
547,forget,0.8829323072330992,0.0
548,forgiv,0.15682506967583512,0.0
549,forgot,0.4457946763959604,-0.6251878364144405
550,form,0.9202930204254616,0.0
551,formal,0.7038093862541629,0.0
552,format,,0.0
553,forth,0.34468029117314736,0.0
554,fortnit,0.15645805855022898,-0.6948997292004991
555,forward,0.2571799313801453,0.0
556,fourth,0.31682019231179526,0.0
557,frame,0.15682506967583512,0.0
558,free,0.5094496519566849,-0.06666434051528908
559,french,,0.0
560,fresh,0.3170341278234947,0.0
561,friend,0.5094496519566847,0.0
562,frogger,0.9202930204254616,0.0
563,frustrat,,0.0
564,fuck,0.08173333910869532,0.5920663969303358
565,fuckin,0.34468029117314725,0.0
566,fulli,0.6202094734777629,0.0
567,fun,0.7177626476593252,0.0
568,funni,0.8574074759811043,0.0
569,futur,0.013720376801564271,-2.1457282443743257
570,game,0.9838083082199606,0.34034978771543356
571,gate,,0.0
572,gave,0.29797004076451883,0.0
573,gem,,0.0
574,generat,0.15682506967583512,0.0
575,genius,0.6781032061417727,0.0
576,genr,0.08273650338894592,0.0
577,genuin,0.9202930204254616,0.0
578,get,0.9952107338224219,0.057838132495971285
579,gimmick,0.31682019231179526,0.0
580,gimmicki,0.3170341278234947,0.0
581,girl,0.9202930204254616,0.0
582,give,0.7780287105724699,-0.12912785181756828
583,given,0.15682506967583512,0.0
584,glad,0.5904743239345079,0.0
585,go,0.18340711475605764,-0.17607847418801584
586,goal,0.3170341278234947,0.0
587,god,0.8581257547882839,0.0
588,goddamn,0.15682506967583512,0.0
589,goe,0.10129082505075282,-1.4442087159805457
590,gone,0.34468029117314725,0.0
591,gonna,0.7180108001145997,0.0
592,good,0.15682506967583512,0.0
593,goofi,0.7038093862541629,0.0
594,googl,0.31682019231179537,0.0
595,goosebump,0.3170341278234946,0.0
596,gorgeous,0.15682506967583512,0.0
597,gotham,0.3170341278234947,0.0
598,gotta,0.3170341278234947,0.0
599,grade,0.9202930204254616,0.0
600,grand,,0.0
601,grasp,,0.0
602,graviti,0.15682506967583512,0.0
603,great,0.6202094734777629,0.0
604,greater,,0.0
605,greatest,0.4728989423207496,0.0
606,grip,0.0827365033889458,0.0
607,gritti,0.3170341278234947,0.0
608,ground,0.3170341278234947,0.0
609,grow,0.15682506967583512,0.0
610,grown,0.3170341278234947,0.0
611,guess,0.1806270332658796,-0.6556095724794778
612,guilt,,0.0
613,gun,0.7038093862541629,0.0
614,guy,0.6645637550129111,0.0
615,gyllenha,0.31682019231179537,0.0
616,hadn,0.7038093862541629,0.0
617,haha,0.15645805855022898,-0.6949430674455044
618,hair,0.8873456803537688,0.0
619,half,0.05254211976506162,-0.3879950381883228
620,halfway,0.3170341278234947,0.0
621,hall,0.3170341278234947,0.0
622,hammer,0.31682019231179537,0.0
623,hand,0.8621112483260797,0.0
624,happen,0.022100937170487667,0.30159666571263183
625,happi,0.09974705117770415,0.3334845463867364
626,hard,0.23712025326224062,0.8392136515695611
627,hardi,0.16148059372959245,0.0
628,hasn,0.045007762438002384,0.0
629,hat,0.7038093862541629,0.0
630,hate,0.21686714787219297,-0.31825464443144985
631,hathaway,0.6202094734777629,0.0
632,haunt,0.15682506967583512,0.0
633,have,0.007898314741714778,0.6182003450781353
634,haven,0.6800718714745975,0.0
635,haw,0.15645805855022898,0.0
636,head,0.9784534162610183,0.0
637,headach,0.5424317344945,0.0
638,hear,0.8574074759811043,0.0
639,heard,0.34468029117314736,0.0
640,heart,0.34198350122013443,0.0
641,heartbreak,0.3170341278234947,0.0
642,heavi,0.15645805855022898,0.0
643,heist,0.3170341278234947,0.0
644,held,0.3170341278234947,0.0
645,hell,0.5366664934903718,0.0
646,help,0.8873456803537688,0.0
647,hero,0.15682506967583512,0.0
648,hey,0.1806270332658796,-0.8242792920425814
649,hidden,0.9202930204254616,0.0
650,hide,0.3170341278234947,0.0
651,high,0.31182923216781233,0.0
652,higher,,0.0
653,highlight,0.17987840471705852,0.0
654,hilari,0.9202930204254616,0.0
655,hint,0.3170341278234947,0.0
656,histori,0.8574074759811043,0.0
657,hit,0.6163005998218432,0.0
658,hitchcock,0.5904743239345079,0.0
659,hold,0.17987840471705852,0.0
660,hole,0.34468029117314736,0.0
661,holi,0.10830045921226975,0.5641089281189582
662,hollywood,0.34468029117314736,0.0
663,homoerot,0.3170341278234947,0.0
664,honest,0.6946589079312238,0.408768575952553
665,hook,0.7038093862541629,0.0
666,hope,0.16110322775949382,0.0
667,horribl,0.17987840471705852,-0.23862764483709117
668,horror,0.3170341278234947,0.0
669,hot,0.8574074759811043,0.0
670,hour,0.15045756206797242,-0.21718427658612802
671,hous,0.7038093862541629,0.0
672,html,0.31682019231179537,0.0
673,https,0.15682506967583512,0.0
674,huge,0.5904743239345079,0.0
675,huh,0.4039962875066595,0.0
676,human,0.072140511916416,0.0
677,hurt,0.6645637550129111,0.04849714275704772
678,hype,0.8574074759811043,0.0
679,ice,0.31682019231179526,0.0
680,icon,0.9202930204254616,0.0
681,idea,0.2934686633161443,0.0
682,ident,0.3170341278234947,0.0
683,idiot,0.34468029117314736,0.0
684,idk,0.15645805855022898,-0.4577110501840536
685,illus,,0.0
686,imag,0.15645805855022898,0.0
687,imagin,0.4039962875066595,0.0
688,imax,0.8286999946042471,0.0
689,immedi,0.8873456803537688,0.0
690,immens,0.15645805855022898,0.0
691,immers,0.6202094734777629,0.0
692,imo,0.7038093862541629,0.0
693,impact,0.6202094734777629,0.0
694,impecc,0.15682506967583512,0.0
695,import,0.024930566724223842,1.2153431651362128
696,imposs,0.7038093862541629,0.0
697,impress,0.16583833939856152,-0.31063283438407496
698,improv,0.34468029117314736,0.0
699,incept,0.02218893552606604,0.31386531567276643
700,includ,0.7038093862541629,0.0
701,increas,0.3170341278234947,0.0
702,incred,0.4532117832348709,0.0
703,ingeni,0.15682506967583512,0.0
704,inher,0.7038093862541629,0.0
705,initi,0.3170341278234947,0.0
706,insan,0.3170341278234947,0.0
707,insid,0.31682019231179537,0.0
708,insomnia,0.017136348060591198,-0.7361296851048369
709,inspir,0.8873456803537688,0.0
710,instanc,0.31682019231179537,0.0
711,integr,0.3170341278234947,0.0
712,intellectu,0.15682506967583512,0.0
713,intellig,0.08273650338894592,0.0
714,intend,,0.0
715,intens,0.4039962875066595,0.0
716,intent,0.31682019231179537,0.0
717,interact,0.3248826474940537,0.0
718,interest,0.012185457085347627,-0.8827074570714528
719,interstellar,0.470726585451713,0.08157438974517084
720,intric,,0.0
721,intrigu,0.26321179409746265,-0.060441623079137086
722,introduc,0.3170341278234947,0.0
723,invent,0.3170341278234947,0.0
724,invert,0.2839862089980041,0.0
725,invest,0.7038093862541629,0.0
726,involv,0.31682019231179537,0.0
727,iron,0.7038093862541629,0.0
728,isn,0.5372973308905091,0.0
729,issu,0.29797004076451883,-0.09203906366985656
730,jackman,0.001470296597209969,0.635154115479085
731,jaw,,0.0
732,jgl,,0.0
733,job,0.0827365033889458,0.0
734,johansson,0.3170341278234947,0.0
735,joke,0.6645637550129111,0.0
736,joker,0.022100937170487667,0.6639118640724688
737,journey,,0.0
738,judg,0.15682506967583512,0.0
739,juli,0.3170341278234947,0.0
740,jump,0.3170341278234947,0.0
741,justic,0.3170341278234947,0.0
742,justifi,0.7038093862541629,0.0
743,keep,0.15682506967583512,0.0
744,kept,0.7038093862541629,0.0
745,key,0.31682019231179526,0.0
746,kick,0.7038093862541629,0.0
747,kid,0.8574074759811043,0.0
748,kill,0.9327081055797212,0.0
749,killer,0.4457946763959604,0.0
750,kind,0.3894231162017405,0.0
751,kinda,0.6163005998218432,0.0
752,kiss,0.15682506967583512,0.0
753,knew,0.045007762438002384,0.07819470341587885
754,knight,0.039097799832144696,0.0
755,knock,0.9202930204254616,0.0
756,know,0.6645637550129111,0.0
757,known,,0.0
758,kubrick,0.31682019231179526,0.0
759,la,0.08273650338894592,0.325281413095077
760,lack,0.8621112483260797,0.0
761,laptop,0.9202930204254616,0.0
762,larg,0.3248826474940537,0.0
763,larsenonfilm,0.5094496519566847,0.0
764,late,0.15682506967583512,0.0
765,latest,0.7038093862541629,0.0
766,laughabl,0.9202930204254616,0.0
767,layer,0.045007762438002384,0.26222489225312645
768,lead,0.15117575531861627,-0.21744127073502934
769,lean,,0.0
770,learn,0.0827365033889458,0.32764432126878473
771,leav,0.01397436204418018,0.6927961465122887
772,led,0.7038093862541629,0.0
773,ledger,0.3223672443450779,0.0
774,legend,0.15682506967583512,0.0
775,legendari,0.3170341278234947,0.0
776,length,0.31682019231179537,0.0
777,lesson,,0.0
778,letter,0.31682019231179526,0.0
779,letterboxd,0.9202930204254616,0.0
780,level,0.16110322775949382,0.44396887886721126
781,levitt,0.024930566724223842,0.4358833479690011
782,lie,0.08273650338894592,0.0
783,life,0.5193717248023645,0.0
784,light,0.23712025326224062,0.0
785,like,0.608546573497353,0.0
786,lil,0.31682019231179537,0.0
787,limbo,,0.0
788,limit,0.7038093862541629,0.0
789,line,0.8873456803537688,0.0
790,linear,0.8581257547882839,0.0
791,lip,0.3170341278234947,0.0
792,list,0.3170341278234947,0.0
793,liter,0.9431508574055552,0.0
794,littl,0.0051348920818108405,-0.469232813954017
795,live,0.4039962875066595,0.0
796,lmao,0.9202930204254616,0.0
797,lo,0.15645805855022898,0.0
798,load,0.31682019231179526,0.0
799,local,0.3170341278234947,0.0
800,locat,0.7038093862541629,0.0
801,log,0.8574074759811043,0.0
802,logic,0.7038093862541629,0.0
803,lol,0.7990387433077217,0.0
804,longer,0.15645805855022898,0.0
805,look,0.5717641838309315,0.10898255641087032
806,lord,0.9202930204254616,0.0
807,lose,0.17987840471705852,0.0
808,loss,0.4039962875066595,0.0
809,lost,0.4828214274891941,0.0
810,lot,0.020965833597636974,0.7112729348062967
811,loud,0.29797004076451883,0.0
812,love,0.04871735559989632,0.7931718969476422
813,low,0.03367506633112861,-1.0461789764856975
814,luck,0.3170341278234947,0.0
815,mad,0.9202930204254616,0.0
816,magic,0.0015191129681290693,1.629492634329656
817,magician,0.06122093649248098,0.2249627794199742
818,magnific,,0.0
819,main,0.6946589079312238,0.0
820,mainstream,0.15645805855022898,0.0
821,make,0.053661816737698737,0.8290594405532896
822,makeup,0.31682019231179526,0.0
823,mal,0.34468029117314736,0.0
824,male,0.08232820755666558,0.0
825,manag,0.09689093372967213,0.0
826,manipul,0.31682019231179526,0.0
827,manner,,0.0
828,mark,0.10194754630074025,0.4407261188820291
829,marriag,0.15682506967583512,0.0
830,masculin,0.3170341278234946,0.0
831,mask,0.7038093862541629,0.0
832,massiv,0.9327081055797212,0.0
833,master,0.007898314741714778,0.34095079105840903
834,masterpiec,4.517325198924318e-05,1.3409554263901846
835,materi,0.31682019231179526,0.0
836,matter,0.15682506967583512,0.0
837,mcconaughey,0.16110322775949382,0.0
838,mean,0.5387451819139224,0.19869893278891076
839,meant,0.3170341278234947,0.0
840,mediocr,0.044627707796322774,-1.7841979749342618
841,meet,0.15682506967583512,0.0
842,meh,0.08232820755666558,-1.1267352359282379
843,meme,0.7038093862541629,0.0
844,memento,0.6619600171540355,0.2650968434360993
845,memor,0.9202930204254616,0.0
846,memori,0.4039962875066595,0.0
847,men,0.34198350122013443,0.31562044827594254
848,mental,0.3170341278234947,0.0
849,mention,0.3170341278234947,0.0
850,mess,0.17987840471705852,-0.13951101464323543
851,metaphor,0.3170341278234947,0.0
852,meticul,0.15645805855022898,0.0
853,mf,0.7038093862541629,0.0
854,middl,0.4039962875066595,0.0
855,min,0.31682019231179537,0.0
856,mind,0.3591366435600225,0.0
857,mindblow,0.08273650338894592,0.0
858,mindfuck,0.02493056672422381,0.648393768762044
859,minimalist,0.7038093862541629,0.0
860,minut,0.2254419397573545,0.0
861,mirror,0.7038093862541629,0.0
862,misdirect,,0.0
863,miss,0.8574074759811043,0.0
864,mix,0.590474323934508,0.0
865,modern,0.15682506967583512,0.0
866,mom,0.3170341278234946,0.0
867,moment,0.4039962875066595,0.0
868,momentum,0.3170341278234947,0.0
869,money,0.31682019231179537,0.0
870,montag,0.4890831021865536,0.0
871,month,0.7038093862541629,0.0
872,monument,0.08273650338894592,0.0
873,mood,,0.0
874,moral,0.7658833759508407,0.0
875,morn,0.15682506967583512,0.0
876,moss,0.7038093862541629,0.0
877,motherfuck,0.3170341278234946,0.0
878,motiv,0.08232820755666558,0.0
879,mous,0.3170341278234947,0.0
880,mouth,0.3170341278234947,0.0
881,move,0.15682506967583512,0.0
882,movi,0.177528389793695,0.0
883,multipl,0.15682506967583512,0.0
884,mumbl,0.15682506967583512,0.0
885,murder,0.5094496519566847,0.0
886,murphi,0.008221397467042908,0.0
887,music,0.6163005998218432,0.0
888,mysteri,0.7262923620412225,0.0
889,nail,0.3170341278234947,0.0
890,nalon,0.9202930204254616,0.0
891,name,0.3383473017865344,0.0
892,nap,0.3170341278234947,0.0
893,narrat,0.9766612632899216,0.0
894,natur,0.3248826474940537,0.0
895,near,0.31682019231179526,0.0
896,neat,0.7038093862541629,0.0
897,necessari,0.15682506967583512,0.0
898,necessarili,0.34468029117314736,0.0
899,need,0.45898322151570237,0.0
900,nemesi,,0.0
901,neo,0.34468029117314736,0.0
902,netflix,0.3170341278234947,0.0
903,ngl,0.9202930204254616,0.0
904,ni,,0.0
905,nice,0.03223877045799112,-0.48500415400910923
906,night,0.7180108001145997,0.0
907,noir,0.8408771943470592,0.0
908,nois,0.3170341278234947,0.0
909,nolan,0.29797004076451883,-1.0612532821863767
910,nomin,,0.0
911,non,0.4175080210862483,-0.27971708366891235
912,nonlinear,0.3170341278234947,0.0
913,nonsens,0.34468029117314725,0.0
914,normal,0.08273650338894592,0.004454273992913714
915,norwegian,0.9202930204254616,0.0
916,note,0.5904743239345079,0.0
917,notic,0.8873456803537688,0.0
918,novel,0.15682506967583512,0.0
919,nuanc,0.3170341278234947,0.0
920,numb,0.31682019231179526,0.0
921,number,0.7038093862541629,0.0
922,nurs,0.3170341278234947,0.0
923,nut,,0.0
924,object,0.08232820755666558,-0.954526393121759
925,obsess,0.9327081055797212,0.0
926,obvious,0.6202094734777629,0.0
927,odd,0.31682019231179526,0.0
928,odyssey,0.9202930204254616,0.0
929,offici,0.3170341278234947,0.0
930,okay,0.8574074759811043,0.0
931,old,0.9327081055797212,0.0
932,omg,0.3170341278234947,0.0
933,open,0.4609123553849578,0.0
934,opinion,0.10129082505075282,-0.7181943084780937
935,opportun,0.3170341278234947,0.0
936,orang,0.3170341278234947,0.0
937,order,0.1732126881549758,-0.19042419034806682
938,organ,0.15645805855022898,-0.2068376871194332
939,origin,0.046919326617580207,0.9377850139634286
940,ot,0.15645805855022898,-0.6400097587692081
941,outing,0.31682019231179537,0.0
942,outsid,0.7038093862541629,0.0
943,outstand,0.2571799313801453,0.0
944,over,0.15682506967583512,0.0
945,overlong,0.15645805855022898,0.0
946,overlook,0.3170341278234947,0.0
947,overr,0.044627707796322774,-0.8050999355645244
948,overshadow,0.045007762438002384,1.0678719932159382
949,overwhelm,0.3170341278234947,0.0
950,pace,0.6645637550129111,0.0
951,pacino,0.048618304136742126,-0.7072904170572133
952,pack,0.7038093862541629,0.0
953,pain,0.34468029117314725,0.0
954,panic,,0.0
955,pant,0.08273650338894592,0.0
956,parent,0.0827365033889458,0.0
957,park,0.9202930204254616,0.0
958,part,0.5904743239345079,0.0
959,particular,0.7658833759508408,0.0
960,passion,0.7038093862541629,0.0
961,past,0.045007762438002384,0.0
962,pattinson,0.17987840471705852,0.0
963,pay,0.9202930204254616,0.0
964,peac,0.3170341278234947,0.0
965,peak,0.6851284436521816,0.0
966,pearc,0.23712025326224062,0.078016514336467
967,peopl,0.8930073737575657,0.1714386791187818
968,perfect,0.15196846515776544,0.2880947076265274
969,perform,0.3911338527846939,0.6402732015644654
970,period,0.15682506967583512,0.0
971,person,0.23870558186521196,0.0
972,perspect,0.3170341278234947,0.0
973,petti,,0.0
974,pfister,0.15682506967583512,0.0
975,phenomen,0.15682506967583512,0.0
976,phone,0.3170341278234947,0.0
977,photographi,0.3170341278234947,0.0
978,physic,0.17987840471705852,0.0
979,pick,0.7038093862541629,0.0
980,pictur,0.3475794809857361,0.8926661767637939
981,piec,0.8405273567349618,0.0
982,pilot,0.7038093862541629,0.0
983,piss,0.6292011268673844,0.0
984,pitt,0.15682506967583512,0.0
985,place,0.6202094734777629,0.0
986,plan,0.34468029117314725,0.0
987,plane,0.9202930204254616,0.0
988,planet,0.5904743239345079,0.0
989,plant,,0.0
990,play,0.9284964294856092,-0.09261040751354743
991,pleasur,0.3170341278234947,0.0
992,plenti,0.3170341278234947,0.0
993,plot,0.8713003897934473,-0.03238200003823565
994,plus,0.6202094734777629,0.0
995,podcast,0.7038093862541629,0.0
996,point,0.512860839061718,0.0
997,poke,0.31682019231179537,0.0
998,polaroid,0.3170341278234947,0.0
999,polic,0.3170341278234947,0.0
1000,polish,0.15682506967583512,0.22089547913525645
1001,poor,0.3248826474940537,0.0
1002,pop,0.3170341278234947,0.0
1003,popular,,0.0
1004,portray,0.9202930204254616,0.0
1005,posit,0.31682019231179537,0.0
1006,possibl,0.27100681937822324,0.0
1007,post,0.3170341278234947,0.0
1008,poster,0.15645805855022898,0.0
1009,potenti,0.17987840471705852,0.0
1010,power,0.8574074759811043,0.0
1011,practic,0.34468029117314725,0.0
1012,prank,0.0827365033889458,0.0
1013,precis,0.15682506967583493,0.0
1014,predict,0.08232820755666558,0.0
1015,prefer,0.7038093862541629,0.0
1016,premis,0.29797004076451883,-0.5954097246157867
1017,prepar,0.08273650338894592,0.0
1018,presenc,,0.0
1019,present,0.889737150405614,0.0
1020,prestig,0.013665327065773156,0.7753869287192379
1021,pretti,0.04737892487140666,-0.28463272936778977
1022,pride,0.7038093862541629,0.0
1023,prison,0.31682019231179526,0.0
1024,probabl,0.7954452077621996,0.0
1025,problem,0.590474323934508,0.0
1026,process,0.7038093862541629,0.0
1027,produc,0.9323518678183337,0.0
1028,product,0.5904743239345079,0.0
1029,profession,0.34468029117314725,0.0
1030,profound,0.7038093862541629,0.0
1031,progress,0.15682506967583512,0.0
1032,project,0.0571702456513103,0.0
1033,promin,0.7038093862541629,0.0
1034,promis,0.03242236652513841,-0.37456902118175855
1035,prop,0.31682019231179537,0.0
1036,proper,0.7038093862541629,0.0
1037,proport,,0.0
1038,protagonist,0.023592636308340926,-1.2110834057366178
1039,prove,0.9327081055797212,0.0
1040,provid,,0.0
1041,provok,0.02493056672422381,1.2151337796117296
1042,ps,0.7038093862541629,0.0
1043,psycholog,0.7658833759508407,0.0
1044,pull,0.15682506967583493,0.0
1045,pun,0.31682019231179526,0.0
1046,punch,0.15682506967583512,0.0
1047,pure,0.8574074759811043,0.0
1048,push,0.15682506967583512,0.0
1049,put,0.9202930204254616,0.0
1050,puzzl,0.08273650338894592,0.0
1051,quack,,0.0
1052,qualiti,0.34468029117314736,0.0
1053,quantifi,0.15682506967583493,0.0
1054,que,0.3170341278234947,0.0
1055,question,0.5810900379731501,0.0
1056,quick,0.08232820755666558,-0.054103999667614505
1057,quit,0.43662650692320026,0.0
1058,radic,0.15645805855022898,-0.54235210845457
1059,random,0.7038093862541629,0.0
1060,rang,0.34468029117314725,0.0
1061,rank,0.20207410958242678,0.41714431543904396
1062,rare,0.7038093862541629,0.0
1063,rate,0.7990387433077217,0.0
1064,ratio,0.31682019231179526,0.0
1065,reach,0.4039962875066595,0.0
1066,read,0.004491150533087505,1.7287867930205083
1067,readi,0.3170341278234947,0.0
1068,real,0.040149545620320096,0.5040221074138489
1069,realis,0.3170341278234947,0.0
1070,realist,0.7038093862541629,0.0
1071,realiti,0.10194754630074031,0.0
1072,realiz,0.02960475804108537,-1.577628185968736
1073,realli,0.5970268972791186,0.0014792514918074006
1074,reason,0.4457946763959606,0.0
1075,recogn,,0.0
1076,recognis,0.9202930204254616,0.0
1077,recommend,0.2571799313801453,0.088057116544689
1078,recreat,,0.0
1079,red,0.08232820755666558,-0.8520975725618707
1080,reddit,0.7038093862541629,0.0
1081,reel,0.3170341278234947,0.0
1082,refer,0.15682506967583512,0.0
1083,refus,0.3170341278234947,0.0
1084,regret,0.3170341278234947,0.0
1085,regular,0.9202930204254616,0.0
1086,relat,0.3248826474940537,0.0
1087,relationship,0.31682019231179526,0.0
1088,relax,0.31682019231179537,0.0
1089,releas,0.045007762438002384,0.0
1090,remain,0.4039962875066595,0.0
1091,remak,0.34468029117314725,0.0
1092,remark,,0.0
1093,rememb,0.11834634213580539,0.4104396353992938
1094,remind,0.02493056672422381,0.7181784783312193
1095,rent,0.15682506967583512,0.0
1096,requir,0.15682506967583512,0.0
1097,reson,0.08273650338894592,0.0
1098,respect,0.8873456803537688,0.0
1099,rest,0.17987840471705852,0.0
1100,result,0.7038093862541629,0.0
1101,retrospect,0.31682019231179526,0.0
1102,return,0.3170341278234947,0.0
1103,reveal,0.1705095536448954,-1.0600679090157352
1104,reveng,0.3170341278234946,0.0
1105,revers,0.4715536004633011,-0.028047174702737647
1106,review,0.5667719249606464,0.002516873412443363
1107,revisit,0.7038093862541629,0.0
1108,rewatch,1.3450619530697853e-06,2.0857006792049653
1109,ride,0.7038093862541629,0.0
1110,ridicul,,0.0
1111,right,0.1298142360735283,0.5415265946581298
1112,rip,0.024930566724223842,1.016650163343675
1113,rise,0.7038093862541629,0.0
1114,rival,0.3170341278234947,0.0
1115,rivalri,0.15682506967583512,0.0
1116,rivet,0.15682506967583512,0.0
1117,robot,0.4039962875066595,0.0
1118,rof,0.7038093862541629,0.0
1119,role,0.0997470511777041,0.0
1120,roll,0.15645805855022898,0.0
1121,room,0.2571799313801453,0.0
1122,root,,0.0
1123,rough,0.08232820755666558,0.0
1124,round,0.08273650338894592,0.0
1125,ruin,0.7038093862541629,0.0
1126,rule,0.15682506967583512,0.0
1127,run,0.01397436204418018,1.1144315376823883
1128,runtim,0.02960475804108537,-0.40789504199508275
1129,rylanc,0.3170341278234946,0.0
1130,sacrific,,0.0
1131,sad,0.1732126881549758,-0.37719542897389297
1132,safe,0.3170341278234947,0.0
1133,sake,0.3170341278234947,0.0
1134,sandwich,0.31682019231179537,0.0
1135,satisfi,0.024930566724223842,0.0
1136,save,0.4039962875066595,0.0
1137,saw,0.8224797352374593,0.0
1138,say,0.5193717248023645,0.0
1139,scale,0.3170341278234946,0.0
1140,scar,0.7038093862541629,0.0
1141,scare,0.7038093862541629,0.0
1142,scari,0.045007762438002384,0.0
1143,scene,0.5933869434829895,-0.059428696181971434
1144,sceneri,0.34468029117314725,0.0
1145,scheme,0.3170341278234947,0.0
1146,school,0.6202094734777629,0.0
1147,sci,0.8574074759811043,0.0
1148,scienc,0.08273650338894592,0.0
1149,scientif,0.3170341278234947,0.0
1150,score,0.46463545650432503,0.11670675609126958
1151,scream,0.9202930204254616,0.0
1152,screen,0.2862553330110783,0.5518151719980996
1153,screenplay,0.5366664934903718,-0.24041769946724345
1154,script,0.6940202364432014,0.0
1155,sea,,0.0
1156,search,0.15682506967583512,0.0
1157,seat,0.15682506967583512,0.0
1158,second,0.34198350122013443,0.0
1159,secret,0.16148059372959245,0.0
1160,see,0.6781032061417727,0.0
1161,seed,,0.0
1162,seem,0.7038093862541629,0.0
1163,seen,0.558461502028766,-0.37607194386197573
1164,self,0.15682506967583512,0.0
1165,sell,0.7038093862541629,0.0
1166,send,0.3170341278234947,0.0
1167,sens,0.24577318089327682,-1.1395880601945991
1168,sensat,0.31682019231179537,0.0
1169,sentiment,0.7038093862541629,0.0
1170,sequel,0.3170341278234946,0.0
1171,sequenc,0.5372973308905091,0.0
1172,seri,0.31682019231179537,0.0
1173,serial,0.08273650338894592,0.0
1174,serious,0.4457946763959604,0.0
1175,serv,0.7038093862541629,0.0
1176,set,0.4615146151042351,0.0
1177,settl,0.3170341278234947,0.0
1178,sever,0.31682019231179537,0.0
1179,sex,0.34468029117314725,0.0
1180,sexi,0.6027701892107836,-0.21383749855341666
1181,shake,0.08273650338894592,0.0
1182,shame,0.7038093862541629,0.0
1183,shape,0.31682019231179537,0.0
1184,sharp,0.31682019231179537,0.0
1185,shine,0.15682506967583512,0.0
1186,ship,0.31682019231179526,0.0
1187,shit,0.8465147431186008,-0.4106800214217608
1188,shiver,0.3170341278234947,0.0
1189,shock,0.9112091544967162,0.510207321498125
1190,shoe,0.34468029117314736,0.0
1191,shoestr,0.3170341278234947,0.0
1192,shook,0.0827365033889458,0.3605039438048385
1193,short,0.052542119765061575,-0.2309129323026462
1194,shot,0.8100643406241433,0.0
1195,shouldn,0.7038093862541629,0.0
1196,shout,,0.0
1197,show,0.5995453379346343,0.0
1198,showcas,0.9202930204254616,0.0
1199,showman,0.15682506967583512,0.0
1200,shut,0.31682019231179537,0.0
1201,si,,0.0
1202,sick,0.31682019231179526,0.0
1203,sign,0.4039962875066595,0.0
1204,signatur,0.7038093862541629,0.0
1205,signific,0.7038093862541629,0.0
1206,siht,0.34468029117314736,0.0
1207,silli,0.7038093862541629,0.0
1208,similar,0.31682019231179526,0.0
1209,simpl,0.4039962875066595,0.0
1210,simpli,0.0571702456513103,-0.9003774847874714
1211,simultan,0.31682019231179526,0.0
1212,sin,0.3170341278234947,0.0
1213,sing,0.3170341278234947,0.0
1214,singl,0.024930566724223842,0.0
1215,sir,0.7038093862541629,0.0
1216,sit,0.6202094734777629,0.0
1217,situat,0.9202930204254616,0.0
1218,skill,0.15682506967583512,0.0
1219,skin,,0.0
1220,sleep,0.4457946763959604,-0.045021567201359955
1221,sleepi,0.08232820755666558,-0.4256428013360923
1222,slick,0.08273650338894592,0.7468315760793518
1223,slight,0.5904743239345079,0.0
1224,slip,0.3170341278234947,0.0
1225,slow,0.08273650338894592,0.0
1226,slowli,0.3170341278234947,0.0
1227,small,0.0571702456513103,0.0
1228,smaller,,0.0
1229,smart,0.590474323934508,0.0
1230,smarter,0.15645805855022898,-0.10052994979072587
1231,smh,0.3170341278234947,0.0
1232,snap,,0.0
1233,sob,0.3170341278234947,0.0
1234,societi,0.7038093862541629,0.0
1235,soft,0.15682506967583512,0.0
1236,soldier,0.0827365033889458,0.0
1237,solid,0.15231716297958572,-0.6336222568779889
1238,solidifi,0.15645805855022898,0.0
1239,solv,0.34468029117314725,0.0
1240,somewhat,0.8873456803537688,0.0
1241,sorri,0.3170341278234947,0.0
1242,sort,0.590474323934508,0.0
1243,soul,0.08273650338894592,0.0
1244,sound,0.9831418191878069,0.0
1245,soundtrack,0.6163005998218432,0.0
1246,sourc,0.31682019231179526,0.0
1247,space,0.7340756417320305,0.0
1248,speak,0.7038093862541629,0.0
1249,special,0.02960475804108537,-1.2007094428286693
1250,spectacl,0.5904743239345079,0.0
1251,spectacular,0.4457946763959606,0.0
1252,speech,0.15682506967583512,0.0
1253,speechless,0.01397436204418018,0.60318048031368
1254,spent,0.0827365033889458,0.0
1255,spin,0.15682506967583512,0.0
1256,spoiler,0.17987840471705852,0.0
1257,spot,0.15682506967583512,0.0
1258,spotifi,0.15682506967583512,0.0
1259,stan,0.31682019231179537,0.0
1260,stand,0.9202930204254616,0.0
1261,standard,0.31682019231179537,0.0
1262,standout,0.3170341278234947,0.0
1263,standpoint,0.15682506967583512,0.0
1264,star,0.2571799313801453,0.0
1265,stare,0.7038093862541629,0.0
1266,start,0.99551097615439,0.0
1267,state,0.15682506967583512,0.0
1268,stay,0.9202930204254616,0.0
1269,steal,0.0827365033889458,0.0
1270,stellar,0.6202094734777629,0.0
1271,step,0.31682019231179537,0.0
1272,stick,0.7038093862541629,0.0
1273,stomach,0.3170341278234947,0.0
1274,stone,0.15682506967583512,0.0
1275,stop,0.17987840471705852,0.0
1276,stori,0.28300381036476707,0.8377391015837329
1277,storylin,0.15682506967583512,0.0
1278,storytel,0.8408771943470592,0.4524200766222183
1279,straight,0.9202930204254616,0.0
1280,straightforward,0.6202094734777629,0.0
1281,strang,0.5904743239345079,0.0
1282,strength,0.9202930204254616,0.0
1283,stress,0.15682506967583512,0.0
1284,stretch,0.3170341278234947,0.0
1285,strike,0.7038093862541629,0.0
1286,strong,0.8873456803537688,0.0
1287,strongest,0.3170341278234947,0.0
1288,structur,0.18815823344647586,0.0
1289,struggl,0.3170341278234947,0.0
1290,stuck,,0.0
1291,student,0.590474323934508,0.0
1292,studi,0.4890831021865536,0.0
1293,studio,0.34468029117314736,0.0
1294,stuff,0.05721855663722448,-1.1186451191200029
1295,stun,0.15682506967583512,0.0
1296,stupid,0.6895125563613242,0.0
1297,style,0.2334832086747607,-0.42894848987032047
1298,stylist,0.7038093862541629,0.0
1299,subject,0.31018603121695365,0.0
1300,subsequ,0.31682019231179537,0.0
1301,subtitl,0.09694089323016492,-0.4908712813393673
1302,subtl,0.34468029117314725,0.0
1303,success,0.34468029117314736,0.0
1304,suck,0.7038093862541629,0.0
1305,sudden,0.15645805855022898,0.0
1306,suffer,0.7038093862541629,0.0
1307,suit,0.6202094734777629,0.0
1308,super,0.07168841648440274,0.6578302839525918
1309,superb,0.15682506967583512,0.0
1310,superhero,0.34198350122013443,0.0
1311,support,0.9202930204254616,0.0
1312,suppos,0.018451501303690998,-1.240934334058773
1313,suprem,0.15682506967583512,0.0
1314,sure,0.5761369358271544,0.0
1315,surpris,0.4828214274891942,0.8808454068064415
1316,surround,,0.0
1317,surviv,0.8574074759811043,0.0
1318,suspens,0.16110322775949382,0.0
1319,swank,0.27100681937822324,0.0
1320,swear,0.08232820755666558,-0.8564535415924366
1321,sweet,,0.0
1322,swim,,0.0
1323,symbol,0.9202930204254616,0.0
1324,take,0.6645637550129111,0.06411866790677857
1325,taken,0.7038093862541629,0.0
1326,tale,0.08273650338894592,0.0
1327,talent,0.16110322775949382,0.11351058453494926
1328,talk,0.3419835012201343,0.005838084402637392
1329,tar,,0.0
1330,tast,0.6202094734777629,0.0
1331,tattoo,0.31682019231179526,0.0
1332,taut,0.3170341278234947,0.0
1333,tdk,0.34468029117314725,0.0
1334,team,0.7038093862541629,0.0
1335,tear,0.045007762438002384,0.30585410822185993
1336,technic,0.8408771943470592,0.0
1337,tell,0.7990387433077217,0.0
1338,tenet,0.9218311963494947,0.13980066334064398
1339,tens,0.0827365033889458,0.0
1340,tension,0.3248826474940537,0.0
1341,term,0.6202094734777629,0.0
1342,terribl,0.1806270332658796,-0.2614003595259549
1343,terrif,0.17926507287901117,0.0
1344,terrifi,0.08273650338894592,0.0
1345,tesla,0.08273650338894592,0.0
1346,test,0.7038093862541629,0.0
1347,thank,0.5550436750848682,0.0
1348,theater,0.22839138875701337,0.0
1349,theatr,0.15645805855022898,0.0
1350,theatric,0.17987840471705852,-0.29627949272716503
1351,themat,0.15682506967583512,0.0
1352,theme,0.7283377684601208,-0.2225760153899727
1353,theori,0.9202930204254616,0.0
1354,therapi,0.15682506967583512,0.0
1355,thief,0.08273650338894592,0.0
1356,thing,0.18815823344647586,0.5768478339668794
1357,think,0.05817277990140878,-1.1778349557208319
1358,tho,0.8873456803537688,0.0
1359,thorough,0.7038093862541629,0.0
1360,thought,0.6202094734777629,0.0
1361,thrill,0.8574074759811043,0.0
1362,thriller,0.059979483660662934,-0.10129440752067322
1363,throw,0.590474323934508,0.0
1364,ti,0.6851284436521816,0.0
1365,tick,0.15682506967583512,0.0
1366,tie,,0.0
1367,tight,0.8574074759811043,0.0
1368,tiktok,0.15682506967583512,0.0
1369,time,0.004592152586417318,0.39312924976342883
1370,timelin,0.17987840471705852,0.0
1371,timothe,0.3170341278234947,0.0
1372,tire,0.8574074759811043,0.0
1373,titl,0.15682506967583512,0.0
1374,today,0.7038093862541629,0.0
1375,tomorrow,0.6202094734777629,0.0
1376,ton,0.3170341278234947,0.0
1377,tone,0.6202094734777629,0.0
1378,tonight,0.15682506967583512,0.0
1379,took,0.5904743239345079,0.0
1380,top,0.7038093862541629,0.0
1381,total,0.8873456803537688,0.0
1382,toxic,0.3170341278234946,0.0
1383,track,0.8705748085317486,0.0
1384,trademark,0.590474323934508,0.0
1385,tragedi,0.3170341278234947,0.0
1386,tragic,0.7038093862541629,0.0
1387,trailer,0.590474323934508,0.0
1388,transcend,0.15682506967583512,0.0
1389,translat,0.17926507287901117,0.28062269132999074
1390,travel,0.7038093862541629,0.0
1391,treat,0.31682019231179526,0.0
1392,tremend,0.15682506967583512,0.0
1393,tri,0.6940202364432014,0.0
1394,trick,0.4609123553849577,0.0
1395,trilog,0.5654667161363318,0.0
1396,triumph,0.3170341278234947,0.0
1397,trope,0.9202930204254616,0.0
1398,troubl,0.15682506967583493,0.0
1399,true,0.4039962875066595,0.0
1400,truli,0.007888301963629323,1.0218591787096678
1401,trust,0.7038093862541629,0.0
1402,truth,0.9202930204254616,0.0
1403,turn,0.6225532829399953,-0.36705937026542773
1404,twice,0.3248826474940537,0.0
1405,twilight,,0.0
1406,twin,0.6851284436521816,0.0
1407,twink,0.15645805855022898,-0.5888077037272291
1408,twist,0.0019357937208328469,0.9114358538641814
1409,twisti,0.044627707796322774,-0.7408713290976175
1410,type,0.045007762438002384,0.0
1411,ugh,0.08273650338894592,0.0
1412,ugli,0.34468029117314736,0.0
1413,ultim,0.15682506967583512,0.0
1414,unbeliev,,0.0
1415,uncertainti,0.31682019231179537,0.0
1416,undeni,0.3170341278234947,0.0
1417,underr,0.013665327065773156,0.07227388426705922
1418,understand,0.5393845234343377,0.0
1419,understood,0.4039962875066595,0.0
1420,underwhelm,0.044627707796322726,-0.4154755189078122
1421,undoubt,0.9202930204254616,0.0
1422,unfold,0.3170341278234947,0.0
1423,unforgett,0.3170341278234947,0.0
1424,unfortun,0.31682019231179537,0.0
1425,unintent,0.9202930204254616,0.0
1426,uniqu,0.8606608403528999,0.0
1427,univers,0.1789187126503342,-0.4102761634216842
1428,unnecessari,0.15645805855022898,0.0
1429,unpredict,0.3170341278234947,0.0
1430,unravel,0.045007762438002426,0.0
1431,updat,0.15682506967583512,0.0
1432,upset,0.15645805855022898,0.0
1433,ur,0.3170341278234947,0.0
1434,use,0.6946589079312238,0.0
1435,usual,0.9327081055797212,0.0
1436,vagu,0.9202930204254616,0.0
1437,valu,0.3170341278234947,0.0
1438,vast,0.7038093862541629,0.0
1439,versatil,0.3170341278234947,0.0
1440,version,0.5904743239345079,0.0
1441,vibe,0.17987840471705852,-1.133740664343434
1442,video,0.08273650338894592,0.0
1443,view,0.6645637550129111,0.0
1444,viewer,0.15645805855022898,0.0
1445,villain,0.15682506967583512,0.0
1446,viscer,0.045007762438002384,0.0
1447,vision,0.15682506967583512,0.0
1448,visual,0.09689093372967213,-0.9940317210957224
1449,voic,0.7038093862541629,0.0
1450,wait,0.5387451819139222,0.1873957593428414
1451,wake,0.3170341278234947,0.0
1452,walk,0.9202930204254616,0.0
1453,wanna,,0.0
1454,want,0.7342347797844101,0.0
1455,war,0.5418465255436177,0.5867299640950634
1456,washington,0.7038093862541629,0.0
1457,wasn,0.08519505696744702,-0.37125136690659655
1458,watch,0.8957407867261633,0.10896457955164786
1459,watchabl,0.17987840471705852,0.0
1460,water,0.9202930204254616,0.0
1461,way,0.15645805855022898,0.0
1462,weak,0.15645805855022898,0.0
1463,weaker,0.15645805855022898,0.0
1464,weakest,0.1806270332658796,0.0
1465,wear,0.31682019231179526,0.0
1466,week,0.09694089323016492,-0.19450035943260427
1467,weep,0.15682506967583512,0.0
1468,weird,0.6202094734777629,0.0
1469,whilst,0.3170341278234947,0.0
1470,whisper,0.9202930204254616,0.0
1471,white,0.29797004076451883,0.0
1472,wholli,0.15682506967583512,0.0
1473,wide,,0.0
1474,wife,0.7038093862541629,0.0
1475,wig,0.15682506967583512,0.0
1476,wild,0.7038093862541629,0.0
1477,will,0.7038093862541629,0.0
1478,win,0.007898314741714778,0.5646374559327625
1479,wind,0.6851284436521816,0.0
1480,wise,0.3170341278234947,0.0
1481,wish,0.8100643406241433,0.0
1482,wit,0.15682506967583512,0.0
1483,woah,,0.0
1484,wolverin,0.08273650338894592,0.0
1485,woman,0.34468029117314736,0.0
1486,women,0.044627707796322774,-0.09768864522963935
1487,won,0.10194754630074025,0.0
1488,wonder,0.024930566724223842,0.11983086716465147
1489,word,0.28995550608054554,-0.480260593071297
1490,work,0.23953022652785572,0.3369798565269418
1491,world,0.2426122989849,0.4074417728694501
1492,wors,0.15645805855022898,-0.011486887729179425
1493,worst,0.06269850594027823,-0.8859184975512215
1494,worth,0.10043590930212194,-1.164184957387517
1495,worthi,0.31682019231179526,0.0
1496,wouldn,0.17987840471705852,-0.45832336553196
1497,wow,0.0030130815688144963,1.1103617032168565
1498,wrap,0.045007762438002384,0.0
1499,write,0.4249998968389602,0.0
1500,writer,0.08273650338894592,0.08703898539769306
1501,written,0.09974705117770415,0.7484240168629862
1502,wrong,0.6645637550129111,0.0
1503,wrote,0.15682506967583512,0.0
1504,wtf,0.15645805855022898,-0.3349129110276573
1505,www,0.27100681937822324,0.0
1506,ya,0.3170341278234947,0.0
1507,yea,,0.0
1508,yeah,0.6774847908584068,0.0
1509,year,0.9518227018098071,-0.07125957396461709
1510,yep,,0.0
1511,yesterday,,0.0
1512,youtu,0.08273650338894592,0.22987662447770713
1513,youtub,0.0827365033889458,0.34363269121174694
1514,zero,0.6163005998218432,0.0
1515,zimmer,0.019536302383798224,0.833913642289431
